0,37.806167,-122.450135,2010-04-14 04:32:30,0
0,37.806348,-122.448355,2010-04-14 04:55:53,0
0,37.803963,-122.448531,2010-04-14 16:06:20,0
0,37.773540,-122.409375,2010-04-15 00:59:27,1
0,37.761742,-122.431164,2010-04-15 02:59:51,2
0,37.761203,-122.430709,2010-04-15 06:28:17,2
0,37.761634,-122.431219,2010-04-15 15:07:58,2
0,37.761101,-122.432994,2010-04-15 15:11:15,2
0,37.808176,-122.431606,2010-04-15 17:07:57,3
0,37.805021,-122.433450,2010-04-15 17:09:51,4
0,37.808031,-122.431093,2010-04-15 17:14:12,3
0,37.807919,-122.431273,2010-04-15 17:54:20,3
0,37.808172,-122.431598,2010-04-15 18:36:21,3
0,37.808285,-122.431549,2010-04-15 18:37:22,5
0,37.808855,-122.416489,2010-04-15 18:39:55,6
0,37.808293,-122.431621,2010-04-15 18:40:10,5
0,37.808293,-122.431621,2010-04-15 18:42:10,5
0,37.808300,-122.431436,2010-04-15 18:42:36,5
0,37.805032,-122.433908,2010-04-15 18:51:41,4
0,37.805032,-122.433908,2010-04-15 20:50:15,4
0,37.807527,-122.431041,2010-04-15 20:54:59,3
0,37.807527,-122.431041,2010-04-15 20:54:59,3
0,37.808855,-122.416489,2010-04-15 21:51:32,6
0,37.808855,-122.416489,2010-04-15 22:00:52,6
0,37.781387,-122.399623,2010-04-16 00:01:47,1
0,37.790405,-122.389725,2010-04-16 04:29:28,7
0,37.778368,-122.405814,2010-04-16 05:16:25,1
0,37.778048,-122.405681,2010-04-16 05:18:01,1
0,37.778581,-122.405695,2010-04-16 06:45:44,1
0,37.784524,-122.404349,2010-04-16 17:34:59,1
0,37.782369,-122.400865,2010-04-16 18:21:58,1
0,37.805800,-122.267000,2010-04-17 02:59:26,8
0,37.807718,-122.270060,2010-04-17 03:25:41,9
0,37.808109,-122.270193,2010-04-17 03:34:16,9
0,37.808099,-122.270191,2010-04-17 03:46:51,9
0,37.807990,-122.269994,2010-04-17 03:54:52,9
0,37.765190,-122.396773,2010-04-17 04:30:27,10
0,37.764922,-122.396415,2010-04-17 04:31:50,10
0,37.765053,-122.395822,2010-04-17 04:34:15,10
0,37.760633,-122.432113,2010-04-17 15:06:15,2
0,37.758719,-122.417251,2010-04-17 16:15:18,11
0,37.724303,-121.101860,2010-04-17 17:37:52,12
0,36.304881,-119.295205,2010-04-17 20:19:06,13
0,36.297061,-119.300231,2010-04-17 20:21:41,13
0,36.311241,-119.348405,2010-04-18 00:19:25,13
0,36.294348,-119.297197,2010-04-18 05:17:32,13
0,36.297072,-119.300174,2010-04-18 05:25:44,13
0,36.294348,-119.297197,2010-04-18 05:45:25,13
0,36.240038,-119.766649,2010-04-18 06:39:22,14
0,36.237654,-119.764987,2010-04-18 06:50:25,14
0,36.237654,-119.764987,2010-04-18 07:23:54,14
0,36.237654,-119.764987,2010-04-18 08:06:39,14
0,36.327917,-119.341476,2010-04-18 09:48:57,13
0,36.327232,-119.348816,2010-04-18 09:50:30,13
0,36.296878,-119.300421,2010-04-18 17:24:31,13
0,36.325743,-119.106264,2010-04-18 20:58:18,14
0,37.727664,-121.897033,2010-04-19 01:42:18,15
0,37.755083,-122.423036,2010-04-19 03:41:19,16
0,37.782369,-122.400865,2010-04-19 16:56:41,1
0,37.784429,-122.403739,2010-04-20 02:41:21,1
0,37.784429,-122.403739,2010-04-20 04:22:56,1
0,37.784509,-122.404274,2010-04-20 04:27:05,1
0,37.785114,-122.404979,2010-04-20 04:54:51,1
0,37.761942,-122.431519,2010-04-20 14:55:29,2
0,37.782369,-122.400865,2010-04-20 16:10:50,1
0,37.782247,-122.401496,2010-04-20 21:44:54,1
0,37.807718,-122.270060,2010-04-21 03:58:31,9
0,37.808007,-122.270523,2010-04-21 04:35:00,9
0,37.760657,-122.432011,2010-04-22 07:01:22,2
0,37.786042,-122.403394,2010-04-22 20:25:25,1
0,37.778481,-122.412238,2010-04-23 02:27:23,1
0,37.761287,-122.432134,2010-04-23 04:57:12,2
0,37.782369,-122.400865,2010-04-23 16:52:23,1
0,37.776915,-122.424351,2010-04-24 01:52:49,17
0,37.760594,-122.432102,2010-04-24 16:41:15,2
0,37.748213,-122.424850,2010-04-24 19:30:27,16
0,37.703900,-122.475000,2010-04-24 20:36:19,18
0,37.761315,-122.432202,2010-04-25 07:28:39,2
0,37.760756,-122.432214,2010-04-25 16:08:32,2
0,37.786743,-122.404531,2010-04-25 17:36:54,19
0,37.776800,-122.424000,2010-04-25 23:47:43,17
0,37.776734,-122.423692,2010-04-25 23:51:36,17
0,37.755083,-122.423036,2010-04-26 04:21:57,16
0,37.760859,-122.432246,2010-04-26 06:30:27,2
0,37.786743,-122.404531,2010-04-26 14:54:14,19
0,37.786743,-122.404531,2010-04-27 02:37:58,19
0,37.783444,-122.402464,2010-04-27 03:02:35,1
0,37.781302,-122.400553,2010-04-28 02:40:21,1
0,37.786743,-122.404531,2010-04-28 15:13:19,19
0,37.782369,-122.400865,2010-04-28 16:46:47,1
0,37.776611,-122.395765,2010-04-28 22:00:04,20
0,37.781867,-122.400576,2010-04-28 23:27:09,1
0,37.768583,-122.428056,2010-04-29 04:00:47,21
0,37.766506,-122.424242,2010-04-29 16:01:37,22
0,37.761880,-122.431296,2010-04-30 03:11:54,2
0,37.818048,-122.346667,2010-04-30 04:03:02,23
0,37.875954,-122.314986,2010-04-30 04:46:37,24
0,37.798552,-122.377883,2010-04-30 06:48:17,5
0,36.296878,-119.300421,2010-05-01 22:06:47,13
0,36.338701,-119.352405,2010-05-02 00:05:12,13
0,36.328074,-119.351317,2010-05-02 03:41:34,13
0,36.328074,-119.351317,2010-05-02 04:30:22,13
0,36.338591,-119.352710,2010-05-02 04:55:59,13
0,36.328074,-119.351317,2010-05-02 05:04:09,13
0,36.297038,-119.299881,2010-05-02 08:21:43,13
0,36.305562,-119.262433,2010-05-02 17:35:13,14
0,36.315548,-119.302369,2010-05-02 17:54:23,13
0,36.325743,-119.106264,2010-05-02 18:13:54,14
0,36.296982,-119.300255,2010-05-03 01:48:10,13
0,36.299677,-119.313320,2010-05-03 02:29:48,13
0,36.327372,-119.349545,2010-05-03 02:52:20,13
0,37.786743,-122.404531,2010-05-04 02:36:13,19
0,37.760883,-122.431998,2010-05-05 14:54:09,2
0,37.761972,-122.450643,2010-05-06 02:25:06,25
0,37.761977,-122.450646,2010-05-06 04:10:52,25
0,37.764021,-122.432534,2010-05-08 02:35:44,2
0,37.772600,-122.438000,2010-05-08 16:31:44,26
0,37.760765,-122.433295,2010-05-09 18:39:03,2
0,37.740550,-122.465558,2010-05-09 20:00:49,27
0,37.679977,-121.774477,2010-05-10 03:12:19,28
0,37.786743,-122.404531,2010-05-10 16:08:39,19
0,37.783345,-122.401397,2010-05-11 18:48:31,1
0,37.785170,-122.403059,2010-05-11 20:21:28,1
0,37.784163,-122.402715,2010-05-11 20:23:54,1
0,37.765200,-122.450000,2010-05-12 02:34:56,25
0,37.761979,-122.450674,2010-05-12 04:38:31,25
0,37.786743,-122.404531,2010-05-12 14:58:20,19
0,37.782369,-122.400865,2010-05-12 16:42:09,1
0,37.762158,-122.450761,2010-05-13 06:29:19,25
0,37.780423,-122.391646,2010-05-14 02:26:42,29
0,37.761807,-122.431484,2010-05-16 00:19:30,2
0,37.912363,-122.475431,2010-05-16 22:15:22,30
0,37.763579,-122.419977,2010-05-17 02:37:46,11
0,37.763464,-122.419724,2010-05-17 03:47:56,11
0,37.783796,-122.398877,2010-05-18 02:48:18,1
0,37.775682,-122.425168,2010-05-18 02:59:54,17
0,37.776777,-122.423870,2010-05-18 03:00:10,17
0,37.760493,-122.432258,2010-05-18 04:09:12,2
0,37.780900,-122.403000,2010-05-19 01:15:50,1
0,37.753752,-122.419700,2010-05-20 03:31:48,11
0,37.750800,-122.416000,2010-05-20 05:47:56,11
0,37.761945,-122.450625,2010-05-20 20:22:41,25
0,37.785703,-122.405608,2010-05-20 21:48:11,1
0,37.782437,-122.400786,2010-05-21 02:49:39,1
0,37.762671,-122.434735,2010-05-21 04:41:19,21
0,37.700223,-121.907367,2010-05-22 04:33:01,31
0,37.766100,-122.450000,2010-05-22 19:02:18,25
0,37.784219,-122.406176,2010-05-23 02:22:44,1
0,37.783747,-122.406933,2010-05-23 02:41:17,1
0,37.784482,-122.406566,2010-05-23 04:09:18,1
0,37.783925,-122.405023,2010-05-23 04:09:43,1
0,37.784482,-122.406566,2010-05-23 04:13:35,1
0,37.785100,-122.433000,2010-05-23 04:58:49,32
0,37.786743,-122.404531,2010-05-23 17:46:44,19
0,37.762378,-122.450905,2010-05-23 19:55:25,25
0,37.798331,-122.439095,2010-05-24 00:39:23,33
0,37.782734,-122.400884,2010-05-24 17:36:05,1
0,37.782179,-122.400338,2010-05-24 17:38:35,1
0,37.781166,-122.401121,2010-05-25 01:42:03,1
0,37.762166,-122.450725,2010-05-25 05:11:15,25
0,37.781381,-122.400108,2010-05-25 18:43:46,1
0,37.764400,-122.431000,2010-05-26 03:09:44,2
0,37.778481,-122.412238,2010-05-27 02:26:16,1
0,37.787840,-122.398880,2010-05-28 02:37:19,29
0,37.761955,-122.450634,2010-06-03 04:49:17,25
0,37.782337,-122.400769,2010-06-04 01:55:11,1
0,37.782227,-122.401566,2010-06-04 04:36:58,1
0,37.784885,-122.404910,2010-06-04 07:48:52,1
0,37.778524,-122.414628,2010-06-04 16:42:52,1
0,37.761953,-122.450629,2010-06-05 05:50:00,25
0,37.762165,-122.450891,2010-06-05 05:50:27,25
0,37.772600,-122.438000,2010-06-05 18:02:34,26
0,37.786743,-122.404531,2010-06-08 01:01:40,19
0,37.784219,-122.406176,2010-06-08 03:05:20,1
0,37.776915,-122.424351,2010-06-09 02:08:42,17
0,37.765800,-122.450000,2010-06-09 04:27:08,25
0,37.781480,-122.398934,2010-06-09 16:36:05,1
0,37.782369,-122.400865,2010-06-09 16:44:56,1
0,37.778317,-122.420005,2010-06-12 02:33:19,34
0,37.775951,-122.415038,2010-06-12 07:40:51,1
0,37.826819,-122.421319,2010-06-12 20:02:23,14
0,37.757528,-122.388579,2010-06-13 02:19:18,5
0,37.776393,-122.424756,2010-06-13 16:06:20,17
0,37.764021,-122.432534,2010-06-14 02:57:58,2
0,37.786743,-122.404531,2010-06-15 00:52:57,19
0,37.779911,-122.481937,2010-06-16 03:16:56,35
0,37.762069,-122.450732,2010-06-16 04:58:31,25
0,37.782369,-122.400865,2010-06-16 17:03:00,1
0,37.778660,-122.397336,2010-06-16 19:22:26,20
0,37.616356,-122.386183,2010-06-19 00:37:00,36
0,32.730109,-117.198456,2010-06-19 04:36:48,37
0,32.752248,-117.193738,2010-06-19 05:21:56,38
0,32.751686,-117.193520,2010-06-19 06:03:13,38
0,32.960325,-117.265909,2010-06-19 07:17:12,39
0,32.961686,-117.267523,2010-06-19 19:02:36,40
0,32.960321,-117.265244,2010-06-19 20:13:32,41
0,32.747164,-117.146199,2010-06-20 01:03:56,42
0,32.960658,-117.265041,2010-06-20 04:31:33,41
0,33.455577,-117.105900,2010-06-20 07:02:58,14
0,33.455084,-117.107474,2010-06-20 07:13:58,14
0,33.455212,-117.103663,2010-06-20 08:01:37,14
0,32.960990,-117.265555,2010-06-20 17:52:36,41
0,32.938179,-117.192322,2010-06-20 18:53:05,43
0,32.940596,-117.200329,2010-06-20 19:43:36,43
0,32.731465,-117.149911,2010-06-20 22:01:35,44
0,32.712552,-117.175577,2010-06-20 23:23:21,45
0,32.732058,-117.199745,2010-06-21 02:23:51,37
0,37.616305,-122.386150,2010-06-21 04:43:57,36
0,37.765800,-122.450000,2010-06-23 02:55:41,46
0,37.762069,-122.450732,2010-06-23 04:15:49,25
0,37.784219,-122.406176,2010-06-24 01:20:49,47
0,37.784378,-122.406842,2010-06-24 01:37:08,1
0,37.785058,-122.405143,2010-06-24 03:17:57,1
0,37.765800,-122.450000,2010-06-24 04:47:59,46
0,37.765876,-122.450077,2010-06-24 04:49:46,25
0,37.762127,-122.450728,2010-06-24 06:41:57,25
0,37.762127,-122.450728,2010-06-24 14:50:08,25
0,37.781997,-122.400535,2010-06-25 00:43:10,1
0,37.761708,-122.449236,2010-06-25 05:35:54,25
0,37.762183,-122.450774,2010-06-25 06:01:34,25
0,37.783743,-122.403216,2010-06-25 18:18:58,1
0,37.785580,-122.402961,2010-06-25 20:07:17,1
0,37.762069,-122.450732,2010-06-26 05:56:08,25
0,37.770400,-122.446000,2010-06-30 01:47:57,48
0,37.762069,-122.450732,2010-06-30 02:29:35,25
0,37.784509,-122.404274,2010-07-01 03:19:23,49
0,37.785100,-122.433000,2010-07-01 03:44:09,50
0,37.762213,-122.450784,2010-07-08 06:56:40,25
0,37.782201,-122.400912,2010-07-09 00:43:04,1
0,37.762231,-122.450763,2010-07-09 14:58:11,25
0,32.731352,-117.202339,2010-07-09 20:02:07,37
0,32.769709,-117.165139,2010-07-10 00:59:08,51
0,32.767949,-117.166585,2010-07-10 01:10:56,51
0,33.131300,-117.309398,2010-07-10 17:31:49,52
0,33.131300,-117.309398,2010-07-10 18:03:51,52
0,32.764446,-117.228726,2010-07-11 00:45:32,53
0,32.764783,-117.226730,2010-07-11 03:26:52,53
0,32.764122,-117.226382,2010-07-11 03:30:09,53
0,33.130330,-117.309494,2010-07-11 04:36:56,52
0,33.131279,-117.309280,2010-07-11 16:45:49,52
0,32.737815,-117.149070,2010-07-11 21:08:53,44
0,32.737133,-117.148635,2010-07-11 21:13:34,44
0,33.100122,-117.002344,2010-07-11 22:27:23,54
0,33.100250,-117.002632,2010-07-11 22:32:55,54
0,33.100257,-117.002653,2010-07-11 22:37:54,54
0,33.099797,-117.000807,2010-07-11 22:51:13,54
0,34.018784,-118.501076,2010-07-12 04:51:11,55
0,34.018932,-118.501709,2010-07-12 05:31:34,55
0,34.018425,-118.500613,2010-07-12 06:30:38,55
0,34.018528,-118.500942,2010-07-12 18:55:40,55
0,34.018534,-118.500758,2010-07-12 22:06:43,55
0,34.018534,-118.500758,2010-07-12 22:12:07,55
0,34.030100,-118.478504,2010-07-13 00:38:25,56
0,34.008129,-118.497783,2010-07-13 04:29:18,57
0,34.008714,-118.497446,2010-07-13 05:39:37,57
0,33.945266,-118.375299,2010-07-13 17:46:43,58
0,33.959486,-118.396262,2010-07-13 18:30:59,59
0,37.762235,-122.450795,2010-07-14 15:20:08,25
0,37.782274,-122.400952,2010-07-14 20:57:32,1
0,37.762199,-122.450782,2010-07-15 14:33:43,25
0,37.784343,-122.402265,2010-07-15 18:45:07,1
0,37.782618,-122.400450,2010-07-15 20:32:19,1
0,37.761808,-122.431506,2010-07-16 02:39:32,2
0,37.797365,-122.403184,2010-07-16 05:53:38,60
0,37.786743,-122.404531,2010-07-20 02:42:37,61
0,37.786743,-122.404531,2010-07-21 02:12:20,61
0,37.762255,-122.450841,2010-07-26 01:33:16,25
0,37.786681,-122.404394,2010-07-27 02:50:57,61
0,37.782148,-122.400930,2010-07-28 00:30:23,1
0,37.782254,-122.400872,2010-07-28 00:50:42,1
0,37.761447,-122.431590,2010-07-28 03:38:17,2
0,37.761447,-122.431590,2010-07-28 03:40:17,2
0,37.761447,-122.431590,2010-07-28 03:41:10,2
0,37.761447,-122.431590,2010-07-28 03:44:00,2
0,37.761447,-122.431590,2010-07-28 03:50:24,2
0,37.761525,-122.431598,2010-07-28 15:13:18,2
0,37.772547,-122.416538,2010-07-29 16:03:22,1
0,37.781877,-122.400824,2010-07-29 22:48:37,1
0,37.779125,-122.395697,2010-07-29 23:06:49,20
0,37.782187,-122.400816,2010-07-30 05:11:06,1
0,37.781922,-122.400727,2010-07-30 16:45:22,1
0,37.782046,-122.400764,2010-07-31 00:06:57,1
0,37.782055,-122.400914,2010-07-31 00:37:00,1
0,37.782055,-122.400914,2010-07-31 00:38:42,1
0,37.781073,-122.424680,2010-07-31 02:00:58,62
0,37.786681,-122.404394,2010-08-03 02:29:22,61
0,37.762069,-122.450732,2010-08-03 04:32:15,25
0,37.700931,-121.825104,2010-08-05 02:23:41,28
0,37.700956,-121.803817,2010-08-05 04:45:30,28
0,37.701097,-121.819242,2010-08-05 04:46:02,28
0,37.761372,-122.431563,2010-08-05 05:44:12,2
0,37.761372,-122.431563,2010-08-05 05:45:30,2
0,37.761713,-122.431411,2010-08-05 05:48:29,2
0,37.784509,-122.404274,2010-08-06 02:58:03,49
0,37.786681,-122.404394,2010-08-08 18:05:15,61
0,37.786681,-122.404394,2010-08-10 02:39:00,61
0,37.769371,-122.451176,2010-08-11 04:06:39,63
0,37.785131,-122.432756,2010-08-14 02:23:56,50
0,37.764021,-122.432534,2010-08-14 19:20:07,64
0,37.786681,-122.404394,2010-08-15 19:38:39,61
0,37.792507,-122.392915,2010-08-15 20:02:29,65
0,37.773449,-122.421582,2010-08-16 03:43:47,66
0,37.786681,-122.404394,2010-08-17 02:36:17,61
0,37.776915,-122.424351,2010-08-17 03:06:51,67
0,37.786681,-122.404394,2010-08-18 15:39:44,61
0,37.782491,-122.400396,2010-08-19 02:28:09,1
0,37.762248,-122.450895,2010-08-19 02:49:38,25
0,37.784156,-122.402083,2010-08-19 19:44:08,68
0,37.782252,-122.400850,2010-08-20 04:44:21,1
0,37.773300,-122.421000,2010-08-21 02:16:24,1
0,37.773478,-122.421574,2010-08-21 04:48:13,34
0,37.779685,-122.407605,2010-08-22 04:42:11,1
0,37.797764,-122.400784,2010-08-22 06:55:36,69
0,37.790693,-122.389798,2010-08-22 18:42:07,7
0,37.784219,-122.406176,2010-08-22 20:46:23,47
0,38.147096,-121.306246,2010-08-23 01:05:27,70
0,38.147345,-121.306202,2010-08-23 02:22:39,14
0,37.785520,-122.392452,2010-08-23 04:04:24,29
0,37.762329,-122.450870,2010-08-23 04:23:09,25
0,37.776915,-122.424351,2010-08-25 03:11:42,67
0,37.786681,-122.404394,2010-08-25 16:31:32,61
0,37.797361,-122.403499,2010-08-26 03:33:54,60
0,37.780423,-122.391646,2010-08-27 02:38:28,29
0,37.784156,-122.402083,2010-08-27 19:16:25,68
0,37.792160,-122.421049,2010-08-28 05:53:53,71
0,37.761261,-122.430847,2010-08-28 21:25:09,72
0,37.762148,-122.450853,2010-08-29 03:30:03,25
0,37.790829,-122.389167,2010-08-29 22:51:23,7
0,37.784509,-122.404274,2010-08-31 02:46:50,49
0,37.786681,-122.404394,2010-08-31 15:01:46,61
0,37.769384,-122.451110,2010-09-01 05:09:21,63
0,37.761899,-122.450745,2010-09-01 06:14:29,25
0,37.786681,-122.404394,2010-09-03 15:17:32,61
0,37.781480,-122.398934,2010-09-07 17:23:25,73
0,37.786681,-122.404394,2010-09-08 15:04:55,61
0,37.776915,-122.424351,2010-09-09 02:46:10,67
0,37.786681,-122.404394,2010-09-09 20:28:53,61
0,37.764021,-122.432534,2010-09-10 02:18:17,64
0,37.762300,-122.435000,2010-09-10 04:58:35,74
0,37.775951,-122.415038,2010-09-11 05:55:29,75
0,38.582569,-121.504776,2010-09-11 22:58:03,76
0,38.147207,-121.306306,2010-09-13 04:09:08,70
0,37.781090,-122.400077,2010-09-15 21:49:51,1
0,37.765800,-122.450000,2010-09-16 03:01:19,46
0,37.765181,-122.449952,2010-09-17 04:08:34,25
0,37.765800,-122.450000,2010-09-17 04:18:14,46
0,37.778766,-122.393894,2010-09-18 02:46:34,20
0,37.778936,-122.393970,2010-09-18 06:17:22,20
0,37.784219,-122.406176,2010-09-19 02:13:47,47
0,37.778481,-122.412238,2010-09-19 06:00:16,77
0,37.771625,-122.413560,2010-09-19 07:09:48,1
0,37.762163,-122.450856,2010-09-20 04:34:03,25
0,37.786681,-122.404394,2010-09-20 15:37:07,61
0,37.786681,-122.404394,2010-09-21 02:53:30,61
0,37.781671,-122.401772,2010-09-22 01:41:18,78
0,37.781681,-122.401778,2010-09-22 01:42:24,1
0,37.762205,-122.450919,2010-09-22 05:51:37,25
0,38.401800,-122.361000,2010-09-24 18:25:26,79
0,37.926940,-122.514857,2010-09-24 21:33:08,80
0,37.700770,-121.805744,2010-09-25 16:51:09,28
0,37.661886,-121.875480,2010-09-25 22:08:26,31
0,37.662704,-121.875094,2010-09-25 23:23:23,31
0,37.676840,-121.874697,2010-09-25 23:37:07,31
0,37.764021,-122.432534,2010-09-26 22:44:07,64
0,37.786681,-122.404394,2010-09-28 02:34:09,61
0,37.784656,-122.403073,2010-09-28 02:41:50,1
0,37.765800,-122.450000,2010-09-29 01:51:13,46
0,37.776915,-122.424351,2010-10-01 02:19:50,67
0,37.784156,-122.402083,2010-10-08 02:42:00,68
0,37.785021,-122.405062,2010-10-08 04:47:40,81
0,37.762163,-122.450900,2010-10-13 02:35:47,25
0,37.773512,-122.418458,2010-10-14 02:17:13,1
0,37.770600,-122.425000,2010-10-15 03:47:32,82
0,37.616373,-122.386150,2010-10-15 20:04:57,14
0,36.126090,-115.165558,2010-10-15 23:08:11,83
0,36.128984,-115.166330,2010-10-16 01:43:25,84
0,36.130102,-115.164912,2010-10-16 17:40:10,85
0,36.126199,-115.165270,2010-10-17 03:11:16,86
0,36.124981,-115.165267,2010-10-17 06:09:25,86
0,36.110107,-115.180748,2010-10-17 06:45:57,87
0,36.104159,-115.173205,2010-10-17 07:56:11,86
0,36.108008,-115.176951,2010-10-17 07:59:42,86
0,36.108651,-115.176774,2010-10-17 08:15:11,86
0,36.126370,-115.163390,2010-10-17 18:32:30,86
0,37.616373,-122.386150,2010-10-18 03:27:26,36
0,37.784771,-122.402513,2010-10-19 20:31:52,1
0,40.725301,-74.005412,2010-10-20 23:33:26,88
0,40.735280,-74.008271,2010-10-22 01:42:55,89
0,40.735500,-74.008314,2010-10-22 02:57:48,90
0,40.739079,-73.991911,2010-10-22 12:00:09,91
0,40.769100,-73.981500,2010-10-22 22:18:59,92
0,40.768300,-73.982300,2010-10-23 01:30:19,93
0,40.726153,-73.989411,2010-10-23 04:32:02,94
0,40.725665,-73.983865,2010-10-23 05:03:14,95
0,40.738546,-73.985772,2010-10-23 06:36:48,96
0,40.730596,-73.992492,2010-10-23 17:06:47,97
0,40.764909,-73.970647,2010-10-23 21:22:57,98
0,40.743437,-74.007374,2010-10-24 02:49:00,99
0,40.740667,-74.007828,2010-10-24 05:50:34,100
0,40.747860,-73.986903,2010-10-24 08:51:18,101
0,40.645122,-73.783493,2010-10-24 21:40:17,102
0,40.642401,-73.782237,2010-10-24 22:26:42,102
0,37.616373,-122.386150,2010-10-25 05:46:17,103
0,37.613015,-122.388973,2010-10-25 05:57:39,36
0,37.975138,-122.562513,2010-10-25 19:29:18,104
0,37.782131,-122.401194,2010-10-27 16:05:47,1
0,37.764014,-122.421968,2010-10-28 05:32:20,22
0,37.768600,-122.415898,2010-10-28 23:03:11,11
0,37.782143,-122.401189,2010-10-29 00:43:40,1
0,37.764316,-122.431537,2010-11-03 02:41:30,2
0,37.808599,-122.270003,2010-11-06 06:29:09,9
0,38.402642,-122.539984,2010-11-07 17:37:26,14
0,38.402642,-122.539984,2010-11-07 17:38:22,14
0,37.790234,-122.409107,2010-11-12 03:40:46,19
0,37.789375,-122.407112,2010-11-14 04:07:04,19
0,37.790141,-122.409257,2010-11-14 06:39:45,19
0,37.788766,-122.405292,2010-11-14 23:50:10,19
0,37.771346,-122.508608,2010-11-15 01:17:28,105
0,37.774936,-122.453123,2010-11-15 02:45:45,106
0,37.788108,-122.390387,2010-11-17 06:03:44,29
0,37.773676,-122.408937,2010-11-17 06:09:59,1
0,37.762087,-122.450859,2010-11-17 15:59:29,25
0,37.769879,-122.419904,2010-11-18 03:58:33,11
0,37.762212,-122.450930,2010-11-18 06:18:15,25
0,37.762212,-122.450930,2010-11-18 06:50:08,25
0,37.782285,-122.400162,2010-11-19 03:04:32,1
0,37.724457,-122.394798,2010-11-24 20:27:12,107
0,37.767339,-122.429690,2010-11-25 06:29:13,108
0,37.762269,-122.450975,2010-11-29 07:08:13,25
0,37.785253,-122.403304,2010-11-30 20:01:34,1
0,37.784509,-122.404274,2010-12-01 05:15:40,49
0,37.616407,-122.386236,2010-12-07 03:34:26,103
0,48.353996,11.790304,2010-12-07 17:13:58,109
0,48.353182,11.797886,2010-12-07 18:15:08,109
0,49.014230,2.541876,2010-12-07 20:33:33,110
0,48.870924,2.334040,2010-12-08 00:28:05,111
0,48.870959,2.333930,2010-12-08 00:31:51,111
0,48.910695,2.358562,2010-12-08 08:34:29,112
0,48.906578,2.358568,2010-12-08 10:53:59,112
0,48.860621,2.337599,2010-12-08 16:32:17,113
0,48.867658,2.328705,2010-12-08 19:33:21,114
0,48.867928,2.328229,2010-12-08 19:42:09,114
0,48.866443,2.310032,2010-12-08 20:52:31,115
0,48.868172,2.329280,2010-12-09 00:32:07,114
0,48.868430,2.330225,2010-12-09 01:15:25,111
0,48.868100,2.326403,2010-12-09 01:16:36,114
0,48.868430,2.330225,2010-12-09 01:17:05,111
0,48.868430,2.330225,2010-12-09 01:20:19,111
0,48.868430,2.330225,2010-12-09 01:33:35,111
0,48.868420,2.323300,2010-12-09 11:56:33,116
0,48.860593,2.394762,2010-12-09 14:01:38,117
0,48.853280,2.348371,2010-12-09 15:04:26,118
0,48.865251,2.330861,2010-12-09 16:22:17,114
0,48.868116,2.306269,2010-12-09 20:54:21,115
0,48.868528,2.307735,2010-12-09 21:58:25,115
0,48.868532,2.305682,2010-12-09 22:26:59,115
0,48.873365,2.297662,2010-12-09 23:03:36,119
0,48.868554,2.301089,2010-12-10 00:09:56,115
0,48.868172,2.329280,2010-12-10 01:08:45,114
0,48.868161,2.329805,2010-12-10 03:30:53,120
0,48.868161,2.329805,2010-12-10 03:31:48,114
0,48.867292,2.327959,2010-12-10 03:34:49,114
0,49.016044,2.544165,2010-12-10 07:41:49,121
0,49.014230,2.541876,2010-12-10 07:49:03,121
0,29.986869,-95.342231,2010-12-10 19:51:47,122
0,36.085072,-115.150537,2010-12-11 01:11:27,87
0,36.085291,-115.149414,2010-12-11 01:36:11,87
0,36.085291,-115.149414,2010-12-11 01:37:37,87
0,36.098810,-115.145754,2010-12-11 02:09:41,87
0,36.128912,-115.164527,2010-12-11 04:53:00,86
0,36.128703,-115.164553,2010-12-11 04:53:38,86
0,36.128437,-115.164874,2010-12-11 05:00:46,86
0,36.128912,-115.164527,2010-12-11 05:06:56,86
0,36.128912,-115.164527,2010-12-11 05:14:24,86
0,36.123213,-115.167360,2010-12-11 20:11:50,86
0,36.117307,-115.170660,2010-12-11 23:28:24,86
0,36.215081,-115.098060,2010-12-12 01:10:37,123
0,36.128654,-115.164816,2010-12-12 01:12:30,86
0,36.127615,-115.166030,2010-12-12 03:29:21,86
0,36.125501,-115.166802,2010-12-12 06:31:02,83
0,36.126101,-115.167280,2010-12-12 07:18:28,86
0,36.125501,-115.166802,2010-12-12 07:23:01,83
0,36.127601,-115.167683,2010-12-12 08:20:39,86
0,36.122677,-115.171113,2010-12-13 02:18:41,86
0,36.117640,-115.154805,2010-12-13 02:43:52,87
0,36.109768,-115.154455,2010-12-13 05:46:18,124
0,36.108647,-115.154263,2010-12-13 06:09:30,86
1,37.792151,-122.394000,2010-03-24 18:49:23,29
1,37.776000,-122.420000,2010-03-25 06:55:40,34
1,37.786469,-122.405463,2010-03-26 23:58:14,19
1,37.758800,-122.416000,2010-03-28 02:25:53,11
1,37.761320,-122.425711,2010-04-14 20:11:48,22
1,37.803992,-122.448681,2010-04-17 05:25:07,0
1,37.782300,-122.408000,2010-04-18 05:35:34,1
1,37.807775,-122.272736,2010-04-21 04:40:36,9
1,37.765021,-122.418899,2010-05-08 22:50:08,11
1,37.806913,-122.414701,2010-05-09 03:14:43,6
1,37.764922,-122.396415,2010-05-09 05:43:55,10
1,37.775401,-122.437812,2010-05-11 05:18:22,125
1,37.776000,-122.420000,2010-05-19 04:18:51,14
1,37.792800,-122.393000,2010-05-21 04:24:59,7
1,37.807718,-122.270060,2010-05-27 03:59:03,9
1,37.784497,-122.432217,2010-05-28 04:36:27,32
1,37.807718,-122.270060,2010-05-30 03:21:15,9
1,37.759666,-122.426672,2010-06-12 22:43:51,2
1,37.759352,-122.426704,2010-06-13 00:51:45,2
1,37.761043,-122.421817,2010-06-13 02:05:03,22
1,37.761185,-122.426738,2010-06-13 04:41:57,2
1,37.761084,-122.435662,2010-06-13 05:48:44,2
1,37.760069,-122.425951,2010-06-13 22:29:36,2
1,37.775401,-122.437812,2010-06-20 05:10:54,126
1,37.772666,-122.402694,2010-06-20 07:52:18,20
1,37.763244,-122.423303,2010-06-23 04:45:15,22
1,37.764791,-122.419023,2010-06-24 19:27:08,11
1,37.761624,-122.423748,2010-06-26 03:49:40,22
1,37.759862,-122.427259,2010-06-27 23:07:32,2
1,37.778800,-122.394000,2010-07-09 05:25:40,127
1,37.761398,-122.424240,2010-07-09 16:46:23,22
1,37.799500,-122.407469,2010-07-26 03:57:30,128
1,37.761320,-122.425711,2010-07-28 19:40:04,129
1,37.784825,-122.407350,2010-07-30 03:36:18,19
1,37.789657,-122.390701,2010-07-31 04:38:01,29
1,37.762399,-122.424006,2010-08-02 17:44:41,22
1,37.764826,-122.419972,2010-08-02 17:52:58,11
1,37.789965,-122.391156,2010-08-02 18:09:44,29
1,37.789965,-122.391156,2010-08-02 18:19:49,29
1,37.764826,-122.419972,2010-08-03 18:21:55,11
1,37.808110,-122.270635,2010-08-07 04:57:59,9
1,37.791478,-122.398730,2010-08-08 00:09:09,19
1,37.775261,-122.404033,2010-08-09 20:22:11,20
1,37.763448,-122.422043,2010-08-10 04:08:58,130
1,37.788569,-122.390765,2010-08-11 22:06:53,29
1,37.764906,-122.424296,2010-08-14 19:44:24,131
1,37.761466,-122.424121,2010-08-14 22:05:31,22
1,37.782702,-122.410295,2010-08-21 05:14:55,132
1,37.763568,-122.421702,2010-08-23 01:18:12,22
1,37.761404,-122.424277,2010-08-26 20:19:48,22
1,37.725084,-122.156863,2010-08-27 04:05:52,133
1,37.725049,-122.157880,2010-08-27 04:21:03,133
1,37.770220,-122.446143,2010-08-29 22:15:15,48
1,37.792326,-122.385058,2010-09-16 01:55:52,14
1,37.777616,-122.387258,2010-09-16 02:28:58,20
1,37.777616,-122.387258,2010-09-16 02:28:59,20
1,37.761394,-122.424303,2010-09-17 16:36:45,22
1,37.768083,-122.392588,2010-09-17 18:26:58,20
1,37.768065,-122.392510,2010-09-17 18:27:38,20
1,37.768083,-122.392588,2010-09-17 18:30:35,20
1,37.767554,-122.413385,2010-09-18 01:35:51,11
1,37.765503,-122.417149,2010-09-18 01:37:40,11
1,37.765072,-122.426404,2010-09-18 03:37:45,2
1,37.783516,-122.409154,2010-09-18 04:18:47,134
1,37.782467,-122.410057,2010-09-18 05:54:41,132
1,37.761853,-122.419946,2010-09-18 19:45:29,11
1,37.761853,-122.419946,2010-09-18 19:46:44,11
1,37.764751,-122.415158,2010-09-18 19:47:44,11
1,37.761534,-122.424114,2010-09-19 22:59:45,22
1,37.761447,-122.424235,2010-09-19 23:21:14,22
1,37.779451,-122.423279,2010-09-21 03:14:40,34
1,37.783994,-122.433000,2010-09-23 04:05:33,62
1,37.783989,-122.433019,2010-09-23 06:15:06,62
1,37.807718,-122.270060,2010-09-24 04:41:47,9
1,37.808094,-122.270645,2010-09-24 05:20:32,9
1,37.789233,-122.390927,2010-09-28 04:31:44,29
1,37.776000,-122.420000,2010-09-29 04:32:41,135
1,37.775536,-122.437780,2010-10-01 04:08:10,126
1,37.761416,-122.424269,2010-10-02 20:47:30,22
1,37.807718,-122.270060,2010-10-06 04:18:32,9
1,37.788991,-122.390758,2010-10-07 21:17:32,29
1,37.785063,-122.418798,2010-10-08 04:50:58,136
1,37.821427,-122.374883,2010-10-17 03:51:07,137
1,37.773046,-122.418688,2010-10-18 07:07:42,1
2,40.702412,-73.928250,2010-11-27 23:38:39,138
2,40.702412,-73.928250,2010-11-28 00:00:06,138
2,40.702321,-73.928281,2010-11-28 01:01:10,138
2,40.725226,-73.999554,2010-11-28 16:46:47,88
2,40.729228,-74.001798,2010-11-29 17:58:24,97
2,40.723357,-74.000154,2010-11-29 20:30:01,88
2,40.685066,-73.906984,2010-12-01 05:32:01,138
2,40.724952,-74.005756,2010-12-01 16:28:03,88
2,40.724955,-74.005751,2010-12-01 16:36:56,88
2,40.784342,-73.959283,2010-12-05 20:54:11,139
2,40.785294,-73.958620,2010-12-05 21:14:02,139
2,40.685938,-73.973197,2010-12-13 15:00:29,140
2,40.686236,-73.975763,2010-12-13 15:01:13,140
2,40.728735,-73.987703,2010-12-19 17:49:31,141
2,40.702392,-73.928242,2010-12-20 02:55:01,138
2,40.720675,-73.986862,2010-12-20 05:54:52,142
2,40.720799,-73.987213,2010-12-20 07:36:59,142
2,40.720217,-73.988192,2010-12-20 07:38:12,142
2,40.720799,-73.987213,2010-12-20 07:40:54,142
2,40.720207,-73.988264,2010-12-20 07:42:03,142
2,40.720207,-73.988264,2010-12-20 07:44:14,142
2,40.720799,-73.987213,2010-12-20 07:46:54,142
2,40.720207,-73.988264,2010-12-20 07:49:40,142
2,40.702188,-73.928305,2010-12-21 22:09:01,138
2,40.702832,-73.933554,2010-12-22 04:14:12,143
2,40.700375,-73.990252,2010-12-22 04:44:05,144
2,40.716544,-73.994633,2010-12-22 04:50:22,145
2,40.716457,-73.992404,2010-12-22 05:01:49,146
2,40.727732,-74.002994,2010-12-22 05:55:07,147
2,40.723326,-73.982777,2010-12-22 06:11:51,141
2,40.722698,-73.983215,2010-12-22 06:43:59,148
2,40.725839,-73.999438,2010-12-23 19:05:29,88
2,40.702188,-73.928305,2010-12-24 05:45:13,138
2,40.727403,-74.002056,2010-12-24 18:07:54,88
2,40.725076,-74.002501,2010-12-24 18:30:17,88
2,40.727457,-74.000880,2010-12-24 18:40:01,97
2,40.725674,-73.998868,2010-12-24 19:05:42,88
2,40.723986,-74.002679,2010-12-24 19:07:42,88
2,40.725898,-73.995202,2010-12-24 20:04:10,149
2,40.725559,-73.996729,2010-12-24 20:05:37,97
2,40.720962,-73.990731,2010-12-29 04:21:48,146
2,40.722227,-73.985766,2010-12-29 05:16:04,148
2,40.720962,-73.990731,2010-12-29 07:42:05,146
2,40.743937,-73.983982,2011-01-01 07:13:47,150
2,40.702188,-73.928305,2011-01-02 02:46:09,138
2,40.702335,-73.928220,2011-01-02 06:18:26,138
2,40.702188,-73.928305,2011-01-02 20:11:14,138
2,40.702188,-73.928305,2011-01-04 02:03:42,138
2,40.693307,-73.943460,2011-01-04 18:22:39,151
2,40.774529,-73.892578,2011-01-08 20:32:27,152
2,40.725201,-73.997085,2011-01-16 17:42:04,88
2,40.729926,-73.983437,2011-01-18 23:36:11,141
3,36.758827,-121.772605,2010-04-25 14:55:39,14
3,36.221744,-121.759580,2010-04-26 01:25:03,153
3,37.447828,-122.159842,2010-04-26 23:42:25,154
3,37.447625,-122.159912,2010-04-27 00:11:36,155
3,37.447625,-122.159912,2010-04-27 00:15:10,155
3,40.741463,-73.988159,2010-04-30 02:31:46,150
3,40.722723,-73.998150,2010-04-30 16:11:57,88
3,40.723014,-73.997405,2010-04-30 21:55:22,88
3,40.744603,-73.999135,2010-05-01 01:45:31,156
3,40.643917,-73.782270,2010-05-01 18:31:21,102
3,37.772991,-122.439088,2010-05-02 22:43:45,26
3,37.782323,-122.388064,2010-05-03 23:54:21,7
3,40.645610,-73.784180,2010-05-07 03:32:03,102
3,40.704630,-73.801816,2010-05-07 04:04:28,157
3,40.704630,-73.801816,2010-05-07 04:22:28,157
3,40.734682,-73.989514,2010-05-08 01:26:50,158
3,40.714328,-73.951937,2010-05-09 16:37:11,159
3,40.721349,-73.843463,2010-05-09 16:48:41,160
3,40.733043,-73.839467,2010-05-09 18:39:39,161
3,40.761756,-73.968244,2010-05-10 22:27:25,162
3,37.651464,-122.432443,2010-05-12 15:53:08,163
3,37.782621,-122.386966,2010-05-12 18:22:32,7
3,37.449310,-122.160011,2010-05-13 17:05:57,154
3,40.729521,-73.989933,2010-05-14 19:43:17,149
3,40.729521,-73.989933,2010-05-14 20:01:47,149
3,40.720951,-73.994415,2010-05-14 22:17:16,164
3,40.721800,-73.997900,2010-05-15 01:24:38,88
3,40.721400,-73.992600,2010-05-15 15:35:05,146
3,40.733381,-73.990097,2010-05-16 02:23:01,97
3,40.727087,-73.984446,2010-05-17 01:39:01,141
3,40.749693,-73.993611,2010-05-18 10:24:42,156
3,40.741463,-73.988159,2010-05-21 22:55:42,150
3,40.729101,-74.009344,2010-05-24 21:01:15,89
3,40.731889,-74.010795,2010-05-24 21:48:19,89
3,40.728445,-73.991175,2010-05-26 11:09:12,149
3,40.729291,-74.009335,2010-05-26 15:40:38,89
3,40.734659,-73.989509,2010-05-27 11:49:51,158
3,40.728445,-73.991175,2010-05-29 14:41:50,149
3,40.728445,-73.991175,2010-05-31 14:59:21,149
3,40.728445,-73.991175,2010-06-02 12:21:15,149
3,40.720951,-73.994415,2010-06-02 22:26:07,164
3,40.756600,-73.986300,2010-06-03 17:25:36,165
3,40.728445,-73.991175,2010-06-05 20:13:08,149
3,40.728445,-73.991175,2010-06-07 10:51:17,149
3,40.722659,-73.998182,2010-06-08 12:59:49,88
3,40.728445,-73.991175,2010-06-09 11:33:35,149
3,40.728445,-73.991175,2010-06-11 11:04:55,149
3,40.728445,-73.991175,2010-06-12 23:38:35,149
3,40.728445,-73.991175,2010-06-13 23:53:37,149
3,40.722629,-73.989860,2010-06-15 14:34:53,146
3,40.728445,-73.991175,2010-06-18 11:23:29,166
3,40.728445,-73.991175,2010-06-19 22:20:31,166
3,40.728445,-73.991175,2010-06-20 22:15:40,166
3,40.728445,-73.991175,2010-06-23 12:31:36,166
3,40.728445,-73.991175,2010-06-25 11:08:25,166
3,40.741495,-73.988168,2010-06-26 00:02:52,150
3,40.728900,-73.987000,2010-06-26 15:33:42,167
3,40.728445,-73.991175,2010-06-26 22:20:28,166
3,40.728445,-73.991175,2010-06-27 23:29:54,166
3,40.747100,-73.986200,2010-06-29 16:53:46,168
3,40.778998,-73.963190,2010-06-30 15:07:44,169
3,40.728445,-73.991175,2010-07-03 17:07:43,166
3,40.727308,-73.984551,2010-07-04 00:50:14,170
3,40.728445,-73.991175,2010-07-04 17:33:57,166
3,40.728445,-73.991175,2010-07-05 21:30:04,166
3,40.728445,-73.991175,2010-07-07 12:07:40,166
3,40.728445,-73.991175,2010-07-10 22:19:39,166
3,40.936718,-72.316170,2010-07-11 17:11:57,171
3,40.972467,-72.209814,2010-07-12 00:14:48,172
3,40.728445,-73.991175,2010-07-22 11:41:00,166
3,40.976500,-72.139100,2010-07-24 01:23:37,173
3,41.035164,-71.942978,2010-07-25 19:01:29,174
3,40.728445,-73.991175,2010-07-27 11:18:03,166
3,40.725413,-74.003237,2010-07-27 23:45:49,175
3,40.728445,-73.991175,2010-07-29 12:14:34,166
3,40.726015,-73.991665,2010-07-30 00:10:22,176
3,40.728445,-73.991175,2010-07-31 20:11:55,166
3,40.728900,-73.987000,2010-08-01 17:40:37,167
3,40.728445,-73.991175,2010-08-03 10:59:47,166
3,40.728445,-73.991175,2010-08-05 12:03:52,166
3,40.728445,-73.991175,2010-08-07 23:07:01,166
3,40.728445,-73.991175,2010-08-08 22:06:19,166
3,40.751260,-74.006755,2010-08-09 20:18:09,156
3,40.728445,-73.991175,2010-08-10 11:04:32,166
3,40.741339,-74.003263,2010-08-10 17:06:32,156
3,40.722659,-73.998182,2010-08-11 13:13:28,177
3,40.728445,-73.991175,2010-08-12 12:02:39,166
3,40.728900,-73.987000,2010-08-13 01:09:19,167
3,40.742274,-73.987899,2010-08-13 23:22:50,178
3,40.741258,-73.988414,2010-08-14 00:11:32,150
3,40.713115,-73.962473,2010-08-14 15:24:51,179
3,40.975300,-72.141300,2010-08-17 14:41:07,173
3,40.997200,-72.047100,2010-08-21 00:22:20,180
3,40.963883,-72.137797,2010-08-22 19:05:51,173
3,40.974401,-72.141917,2010-08-27 11:45:59,173
3,40.949635,-72.193872,2010-08-28 01:32:06,181
3,41.035100,-71.941300,2010-08-28 17:13:15,174
3,40.976988,-72.120520,2010-08-28 20:59:29,173
3,40.974700,-72.128900,2010-09-03 18:53:55,173
3,41.036390,-71.944390,2010-09-04 21:55:38,174
3,40.975634,-72.118272,2010-09-05 13:12:40,173
3,40.975634,-72.118272,2010-09-07 14:20:31,173
3,40.728445,-73.991175,2010-09-12 20:32:58,166
3,40.728445,-73.991175,2010-09-14 10:56:37,166
3,40.722659,-73.998182,2010-09-15 13:53:48,177
3,40.728445,-73.991175,2010-09-18 23:18:23,166
3,40.645122,-73.783493,2010-09-19 14:37:23,102
3,37.616373,-122.386150,2010-09-19 22:19:32,36
3,37.762753,-122.432263,2010-09-20 00:35:23,182
3,37.796195,-122.393800,2010-09-22 02:03:53,7
3,37.761419,-122.424066,2010-09-22 14:40:53,183
3,37.782323,-122.388064,2010-09-22 21:43:12,5
3,37.761400,-122.424148,2010-09-24 02:50:56,22
3,37.761419,-122.424066,2010-09-24 16:21:15,183
3,37.755944,-122.421318,2010-09-25 02:24:36,184
3,37.756470,-122.421199,2010-09-25 03:26:57,185
3,37.752657,-122.418125,2010-09-25 20:27:11,186
3,40.645122,-73.783493,2010-09-26 04:01:51,102
3,40.728900,-73.987000,2010-09-26 18:07:05,167
3,40.728445,-73.991175,2010-09-26 22:27:39,166
3,40.743126,-73.988823,2010-09-28 17:27:10,150
3,40.749220,-73.985840,2010-09-30 19:34:23,168
3,40.749220,-73.985840,2010-09-30 19:34:23,168
3,40.749220,-73.985840,2010-10-02 17:10:50,168
3,40.749220,-73.985840,2010-10-03 16:22:11,168
3,40.765167,-73.967632,2010-10-08 23:42:15,187
3,40.724800,-73.999000,2010-10-15 12:10:10,188
3,40.749065,-74.004035,2010-10-16 19:31:38,156
3,40.773424,-73.964381,2010-10-27 00:01:34,189
3,40.722018,-74.000629,2010-10-29 22:44:48,88
4,33.546008,-117.647498,2010-06-13 19:42:02,190
4,40.501502,-111.885340,2010-06-17 01:15:34,191
4,40.579806,-111.660399,2010-06-20 18:37:02,192
4,38.292491,-112.648830,2010-06-21 14:39:01,193
4,33.208026,-117.281733,2010-06-23 15:22:57,194
4,33.205505,-117.288326,2010-06-23 17:23:40,194
4,33.556015,-117.677654,2010-06-24 18:45:57,195
4,33.544621,-117.642668,2010-06-26 23:40:42,190
4,33.667254,-117.864187,2010-06-29 22:58:20,196
4,33.205956,-117.289185,2010-07-07 18:15:36,194
4,33.556284,-117.710320,2010-07-26 19:52:01,195
4,33.607360,-117.926345,2010-08-14 17:49:38,196
4,33.609462,-117.928406,2010-08-17 19:52:22,196
4,40.326302,-111.736458,2010-08-21 19:40:16,197
4,33.810924,-117.919135,2010-08-24 21:32:51,198
4,33.689813,-117.888308,2010-08-26 22:01:59,199
4,33.944179,-118.402920,2010-08-31 00:29:19,58
4,33.576645,-117.723478,2010-09-11 00:17:03,200
4,33.478990,-117.723398,2010-09-11 00:40:18,201
4,33.513668,-117.756381,2010-09-25 19:19:47,202
4,33.542468,-117.785926,2010-09-27 20:35:41,203
4,33.532641,-117.775824,2010-09-28 22:24:40,204
4,33.649887,-117.742624,2010-09-30 01:26:38,205
4,33.566533,-117.712130,2010-09-30 18:52:25,195
4,33.615870,-117.876391,2010-10-12 18:52:29,196
4,33.564402,-117.707361,2010-10-16 00:43:41,206
4,33.688085,-117.834141,2010-10-25 18:37:00,207
4,34.008202,-118.414571,2010-10-29 04:29:56,208
4,40.326302,-111.736458,2010-11-01 16:57:35,197
5,32.287254,-110.943559,2010-04-13 22:02:13,209
5,32.339344,-111.014017,2010-04-14 01:03:43,210
5,32.288988,-110.948379,2010-04-14 22:08:38,209
5,32.288988,-110.948379,2010-04-14 22:08:38,209
5,32.337423,-111.045133,2010-04-15 04:04:25,211
5,32.340263,-111.012823,2010-04-17 00:16:24,212
5,32.339344,-111.014017,2010-04-17 00:17:07,210
5,32.283593,-106.736544,2010-05-08 02:59:09,213
5,32.222318,-110.948291,2010-05-18 17:59:44,214
5,32.221947,-110.966413,2010-06-03 02:53:01,209
5,32.228086,-110.965471,2010-06-03 22:03:46,215
5,32.223633,-110.973675,2010-06-09 01:05:49,216
5,32.223152,-110.977265,2010-06-10 20:12:12,216
5,32.344301,-111.013380,2010-06-18 03:45:04,217
5,32.223633,-110.973675,2010-07-08 00:24:33,216
5,32.228659,-110.965183,2010-07-08 20:39:27,218
5,32.322791,-110.929852,2010-07-11 23:24:23,219
5,32.287582,-110.945448,2010-07-12 17:04:35,209
5,32.222318,-110.948291,2010-07-14 00:59:36,214
5,32.228659,-110.965183,2010-07-17 20:13:17,218
5,32.287582,-110.945448,2010-07-22 20:21:48,209
5,32.355043,-111.093094,2010-07-31 21:06:07,220
5,32.281219,-106.757283,2010-08-06 23:56:16,221
5,32.228659,-110.965183,2010-08-15 22:13:20,218
5,32.252904,-110.931291,2010-08-22 21:37:20,222
5,32.288520,-110.947427,2010-08-30 21:17:28,209
5,32.284889,-110.943789,2010-08-31 18:02:42,209
5,32.257981,-110.943080,2010-09-24 00:12:44,223
5,32.315147,-110.913147,2010-10-01 18:53:40,224
5,32.246227,-110.853029,2010-10-16 02:20:56,209
5,32.231789,-110.959013,2010-10-17 22:50:19,225
5,32.225210,-110.983385,2010-10-19 01:31:04,226
5,32.228659,-110.965183,2010-11-14 01:44:50,218
5,32.221836,-110.971588,2010-11-14 02:39:00,216
6,52.130828,5.203640,2010-11-25 07:04:51,227
6,52.130828,5.203640,2010-11-26 07:43:40,227
6,52.130828,5.203640,2010-12-02 11:09:54,227
6,52.130828,5.203640,2010-12-03 08:52:34,227
6,52.130828,5.203640,2010-12-10 08:11:19,227
6,52.130828,5.203640,2010-12-21 12:42:10,227
6,52.130828,5.203640,2010-12-22 09:19:56,227
6,52.130828,5.203640,2010-12-24 09:32:19,227
6,52.130828,5.203640,2011-01-05 07:49:01,227
6,52.130828,5.203640,2011-01-06 07:35:22,227
6,52.130828,5.203640,2011-01-11 07:30:45,227
6,52.130828,5.203640,2011-01-14 07:46:27,227
6,52.130828,5.203640,2011-01-17 07:35:10,227
7,59.823647,10.630758,2010-11-12 05:44:25,228
7,59.917000,10.750000,2010-11-12 07:45:43,229
7,59.856341,10.660937,2010-11-17 19:54:49,228
7,59.860362,10.662987,2010-11-17 20:32:49,228
7,59.870581,10.656269,2010-11-18 06:14:30,228
7,59.870581,10.656269,2010-11-18 06:29:34,228
7,59.870581,10.656269,2010-11-22 06:23:51,228
7,59.907330,10.722964,2010-11-23 06:18:09,230
7,59.888494,10.679902,2010-11-24 14:27:27,229
7,59.888494,10.679902,2010-11-25 17:05:56,229
7,59.860362,10.662987,2010-11-27 14:11:45,228
7,59.860362,10.662987,2010-11-28 00:21:22,228
7,59.910188,10.643166,2010-11-29 06:24:37,229
7,59.860362,10.662987,2010-11-29 16:34:20,228
7,59.888494,10.679902,2010-11-30 06:20:29,229
7,59.914618,10.776562,2010-11-30 08:03:19,231
7,59.860362,10.662987,2010-11-30 16:59:12,228
7,59.860362,10.662987,2010-12-01 14:45:45,228
7,59.888494,10.679902,2010-12-02 07:36:02,229
7,59.909744,10.727131,2010-12-02 07:44:51,230
7,59.914618,10.776562,2010-12-02 09:34:54,231
7,59.914981,10.775855,2010-12-02 13:46:55,231
7,59.909762,10.730852,2010-12-02 15:03:22,229
7,59.860362,10.662987,2010-12-02 19:41:14,228
7,59.860362,10.662987,2010-12-02 19:42:10,228
7,59.888494,10.679902,2010-12-03 06:15:49,229
7,59.911069,10.734314,2010-12-03 14:37:45,230
7,59.860362,10.662987,2010-12-03 15:15:01,228
7,59.860362,10.662987,2010-12-03 15:30:44,228
7,59.860362,10.662987,2010-12-04 22:02:25,228
7,59.915061,10.748381,2010-12-06 16:12:00,229
7,59.910290,10.728940,2010-12-07 14:36:13,229
7,59.860347,10.665881,2010-12-07 14:58:49,228
7,59.909744,10.727131,2010-12-08 06:12:22,229
7,59.860362,10.662987,2010-12-08 17:40:57,228
7,59.870581,10.656269,2010-12-09 05:59:00,228
7,59.888494,10.679902,2010-12-09 06:05:30,232
7,59.914981,10.775855,2010-12-09 06:44:05,229
7,59.914618,10.776562,2010-12-09 06:44:18,229
7,59.914618,10.776562,2010-12-09 06:45:17,229
7,59.913469,10.788170,2010-12-09 13:05:40,229
7,59.913580,10.842811,2010-12-09 14:19:06,229
7,59.911697,10.749525,2010-12-11 14:42:15,230
7,59.913093,10.753216,2010-12-11 15:39:53,230
7,59.911933,10.754855,2010-12-11 18:36:03,230
7,59.913360,10.732482,2010-12-11 22:23:45,230
7,59.909744,10.727131,2010-12-11 23:27:34,230
7,59.860362,10.662987,2010-12-12 04:37:50,228
7,59.909744,10.727131,2010-12-12 16:27:16,230
7,59.717618,10.835490,2010-12-12 16:27:31,233
7,59.716566,10.836511,2010-12-12 16:28:30,233
7,59.860362,10.662987,2010-12-12 19:30:43,228
7,59.870581,10.656269,2010-12-13 06:14:33,228
7,59.914618,10.776562,2010-12-13 07:24:40,231
7,59.910290,10.728940,2010-12-13 14:43:06,230
7,59.860362,10.662987,2010-12-13 15:37:35,228
7,59.860362,10.662987,2010-12-13 21:47:14,234
7,59.860362,10.662987,2010-12-13 21:48:21,234
7,59.870581,10.656269,2010-12-14 06:18:51,228
7,59.914618,10.776562,2010-12-14 07:14:16,231
7,59.909744,10.727131,2010-12-14 14:44:56,229
7,59.910290,10.728940,2010-12-14 14:47:39,230
7,59.860362,10.662987,2010-12-14 20:27:33,228
7,59.912243,10.752325,2010-12-15 14:22:56,230
7,59.909744,10.727131,2010-12-16 14:43:55,230
7,59.860362,10.662987,2010-12-16 22:25:21,228
7,59.888494,10.679902,2010-12-17 06:14:51,229
7,59.914822,10.751316,2010-12-17 13:39:38,230
7,59.914822,10.751316,2010-12-17 13:40:12,230
7,59.911069,10.734314,2010-12-17 14:28:40,230
7,59.870581,10.656269,2010-12-17 14:58:41,228
7,59.860362,10.662987,2010-12-18 16:11:32,228
7,59.717618,10.835490,2010-12-20 17:26:34,233
7,59.860362,10.662987,2010-12-20 18:47:06,228
7,59.909744,10.727131,2010-12-21 07:18:10,230
7,59.915040,10.776286,2010-12-21 09:03:03,231
7,59.909744,10.727131,2010-12-21 14:22:14,230
7,59.910059,10.728009,2010-12-21 14:28:38,230
7,59.911055,10.730025,2010-12-24 10:03:02,230
7,59.911055,10.730025,2010-12-24 10:03:38,230
7,59.910631,10.729566,2010-12-24 10:27:26,230
7,59.860362,10.662987,2010-12-24 15:16:09,228
7,59.716566,10.836511,2010-12-27 13:25:40,233
7,59.717924,10.835749,2010-12-27 13:26:38,233
7,59.860362,10.662987,2011-01-03 09:18:16,228
7,59.860362,10.662987,2011-01-04 16:41:10,228
7,59.860274,10.662995,2011-01-04 17:16:44,228
7,59.870581,10.656269,2011-01-05 06:13:37,228
7,59.910059,10.728009,2011-01-05 06:40:10,230
7,59.859947,10.662743,2011-01-05 07:08:52,228
7,59.870856,10.658065,2011-01-05 14:48:31,228
7,59.860274,10.662995,2011-01-05 17:20:48,228
7,59.860274,10.662995,2011-01-05 17:21:10,228
7,59.870856,10.658065,2011-01-06 06:11:04,228
7,59.888494,10.679902,2011-01-06 06:13:16,229
7,59.915040,10.776286,2011-01-06 07:18:46,231
7,59.914618,10.776562,2011-01-06 07:20:16,231
7,59.859947,10.662743,2011-01-06 14:11:38,228
7,59.859947,10.662743,2011-01-06 14:12:07,228
7,59.910059,10.728009,2011-01-06 14:47:51,230
7,59.860274,10.662995,2011-01-06 15:55:25,228
7,59.914618,10.776562,2011-01-07 07:05:24,231
7,59.910059,10.728009,2011-01-07 14:14:25,230
7,59.860274,10.662995,2011-01-07 17:40:16,228
7,59.860362,10.662987,2011-01-08 16:38:37,228
7,59.860362,10.662987,2011-01-09 12:59:41,228
7,59.912213,10.751882,2011-01-10 11:05:14,230
7,59.910631,10.729566,2011-01-10 14:47:57,230
7,59.888494,10.679902,2011-01-11 06:32:16,229
7,59.914618,10.776562,2011-01-11 07:14:42,231
7,59.909744,10.727131,2011-01-11 15:01:22,230
7,59.870581,10.656269,2011-01-12 05:53:58,228
7,59.914618,10.776562,2011-01-12 06:47:55,231
7,59.910290,10.728940,2011-01-12 14:28:56,230
7,59.870581,10.656269,2011-01-12 14:50:02,228
7,59.860362,10.662987,2011-01-12 15:53:32,228
7,59.910188,10.643166,2011-01-13 05:59:33,229
7,59.910631,10.729566,2011-01-13 15:00:45,230
7,59.910631,10.729566,2011-01-13 15:01:36,230
7,59.860362,10.662987,2011-01-13 16:14:41,228
7,59.914618,10.776562,2011-01-14 06:47:00,231
7,59.870581,10.656269,2011-01-15 09:01:30,228
7,59.909744,10.727131,2011-01-15 09:22:00,230
7,59.914881,10.730467,2011-01-15 09:34:24,230
7,59.910139,10.728315,2011-01-15 13:54:07,230
7,59.910139,10.728315,2011-01-15 13:55:27,230
7,59.910277,10.728503,2011-01-15 15:30:53,230
7,59.910277,10.728503,2011-01-15 15:31:18,230
7,59.909744,10.727131,2011-01-15 15:32:02,230
7,59.860362,10.662987,2011-01-15 16:22:48,228
8,33.461974,-112.108701,2010-09-04 00:23:03,235
8,33.805877,-117.921632,2010-09-05 02:57:18,198
8,33.467246,-112.058259,2010-09-13 02:25:15,236
8,33.453814,-112.073239,2010-09-17 22:33:33,237
8,33.453814,-112.073239,2010-09-21 16:17:16,237
8,33.456025,-112.073518,2010-09-21 19:51:10,238
8,33.457175,-112.070273,2010-09-25 08:36:40,239
8,33.470805,-112.233468,2010-09-26 01:46:07,240
8,33.471263,-112.233505,2010-09-26 03:36:51,235
8,33.453814,-112.073239,2010-09-30 18:40:51,237
8,33.461521,-112.073355,2010-10-04 16:41:25,238
8,33.461521,-112.073355,2010-10-04 16:42:58,238
8,33.453814,-112.073239,2010-10-05 15:59:35,237
8,33.453814,-112.073239,2010-10-12 17:55:00,241
8,33.453814,-112.073239,2010-10-21 16:04:40,241
8,33.457175,-112.070273,2010-10-22 05:43:02,239
8,33.457222,-112.070228,2010-10-22 06:38:19,242
8,33.457177,-112.070345,2010-10-22 06:51:20,242
8,33.457052,-112.069678,2010-10-22 07:21:04,242
8,33.452623,-112.074237,2010-10-22 19:01:00,243
8,33.442400,-112.073486,2010-10-23 06:13:53,235
8,33.455869,-112.072161,2010-10-23 08:14:16,244
8,33.522140,-111.974542,2010-10-23 23:46:12,235
8,33.520926,-111.970203,2010-10-24 00:30:47,235
8,33.456025,-112.073518,2010-10-27 19:55:19,238
8,33.456750,-112.072349,2010-10-30 19:34:38,245
8,33.453814,-112.073239,2010-10-31 20:09:35,237
9,40.728299,-74.004807,2010-06-15 14:35:18,88
9,40.706800,-74.003600,2010-06-15 22:44:20,246
9,40.721128,-73.985661,2010-06-17 01:55:43,142
9,40.747558,-73.997630,2010-06-19 05:22:09,156
9,40.726600,-73.993600,2010-06-25 17:01:56,247
9,40.734306,-74.002695,2010-07-11 17:28:40,248
9,40.739500,-74.001200,2010-07-13 23:19:17,156
9,40.744142,-73.996982,2010-07-20 12:00:27,156
9,40.796768,-73.922082,2010-07-24 13:51:01,249
9,30.201891,-97.667105,2010-07-25 20:16:39,250
9,30.263589,-97.815560,2010-07-26 00:25:49,251
9,30.258322,-97.787247,2010-07-26 13:41:57,252
9,40.769700,-73.992800,2010-07-29 00:30:17,253
9,40.731722,-73.989336,2010-07-31 00:38:49,97
9,40.761933,-73.979204,2010-08-05 15:19:18,165
9,40.723591,-73.987807,2010-08-12 23:56:36,254
9,40.728299,-74.004807,2010-08-16 11:20:50,255
9,40.740667,-74.007828,2010-08-20 22:35:49,256
9,40.747558,-73.997630,2010-08-21 05:02:56,156
9,40.742868,-73.976355,2010-08-22 18:19:05,257
9,40.721919,-73.957496,2010-08-25 22:12:12,258
9,40.750703,-73.845849,2010-09-05 23:09:04,161
9,40.741778,-74.004271,2010-09-16 14:49:49,259
9,40.796768,-73.922082,2010-09-16 23:47:50,147
9,40.782751,-73.952907,2010-09-20 17:59:58,189
9,40.796768,-73.922082,2010-09-23 23:43:02,147
9,33.635674,-84.433681,2010-09-26 20:02:08,260
9,33.944001,-118.404036,2010-09-26 21:08:26,261
9,34.033606,-118.693691,2010-09-28 14:33:05,262
9,40.751213,-73.983920,2010-10-03 03:10:00,263
9,40.734039,-73.990667,2010-10-09 01:40:59,97
9,41.975971,-87.905023,2010-10-13 00:41:23,264
9,41.889315,-87.621611,2010-10-13 16:27:58,265
9,40.782491,-73.927860,2010-10-30 17:39:58,147
9,40.723166,-73.989781,2010-11-05 23:52:11,266
9,40.782491,-73.927860,2010-11-13 17:22:28,147
9,40.756359,-73.989055,2010-11-18 02:16:09,267
9,40.724289,-73.996510,2010-11-19 02:30:51,88
9,40.728622,-74.004561,2010-11-19 22:31:34,89
9,40.782491,-73.927860,2010-11-20 14:56:30,147
9,40.001550,-83.019776,2010-11-27 16:56:19,268
10,52.081752,5.112283,2010-08-22 18:28:20,269
10,52.081826,5.112225,2010-08-23 06:48:48,269
10,52.078052,5.145774,2010-08-26 18:33:57,270
10,52.087339,5.107183,2010-08-27 12:16:03,269
10,52.081819,5.112274,2010-09-01 19:17:49,269
10,52.087339,5.107183,2010-09-09 15:02:09,269
10,52.088610,5.106719,2010-09-22 15:39:39,269
10,52.095133,5.122001,2010-09-24 20:00:32,271
10,52.095104,5.122071,2010-09-24 20:21:58,271
10,52.087301,5.121574,2010-10-14 18:14:25,272
10,52.079559,5.145251,2010-10-21 16:46:27,273
10,52.097490,5.114490,2010-10-22 18:50:35,274
10,52.097490,5.114490,2010-10-22 20:24:44,274
10,52.081880,5.112041,2010-11-06 01:16:51,269
10,52.081881,5.112075,2010-11-07 20:06:38,269
10,52.081881,5.112075,2010-11-07 20:13:55,269
10,52.081824,5.111898,2010-11-12 07:17:05,275
10,52.257047,6.160841,2010-11-19 20:33:03,276
10,52.153556,5.374203,2010-11-19 21:33:13,277
10,52.089422,5.110145,2010-11-19 22:49:07,278
10,52.082315,4.315430,2010-11-20 23:11:42,279
10,52.081840,5.112098,2010-11-27 10:24:16,269
10,52.089326,5.106618,2010-11-28 16:55:30,269
10,52.087301,5.121574,2010-11-30 20:04:42,272
10,52.087301,5.121574,2010-12-01 19:36:37,272
